Sailko,42065,60891
Louis-garden,16650,39370
Alienautic,13884,36466
Dapa19,9285,30043
Petitverdot,8957,101503
Etienne (Li),6693,104957
Vignaccia76,6670,28835
Adri08,4463,15590
Polmars,4068,20616
Attilios,3428,20843
Pracchia-78,3341,78496
Pufui PcPifpef,3308,42008
Rococo1700,2533,6013
Ale Sasso,2388,21388
Illy78,2208,6272
Nuada,2090,10073
Delasale,2088,106143
Deep also it,2024,2407
TuscanyFirenze01,1960,9538
Sentruper,1912,69754
Matteo Tani,1870,7253
Jack1755,1863,23855
Valentini17,1756,14262
Estel,1681,4307
FeltriaUrbsPicta,1656,6333
Chesipiero,1545,9420
Matthew hk,1545,6119
Amandajm,1528,14011
Rago,1512,4640
Massimo Telò,1479,1189
PMM,1330,19733
Avemundi,1322,19528
Taccolamat,1252,7537
Croberto68,1249,28505
Moku,1222,8710
MM,1103,7280
Ser Amantio di Nicolao,1072,527
Ceppicone,1017,71217
Gabriele85,999,6063
Ahmad123987,984,10670
Qp10qp,907,42772
Claudio Dario,903,5699
Giaccai,882,3536
LouisPhilippeCharles,869,7206
Giorgiomonteforti~itwiki,846,32562
Gbellocchi,827,2413
Johnbod,790,5227
Fabrizio Chiti,781,4997
Beppe Chelli,776,2843
LigaDue,769,1026
Surtsicna,756,5477
Jpm2112,740,3756
Arbalete,735,5473
Ergo Sum,729,4409
JoJan,722,5197
Bouncey2k,706,12335
Angelo.romano,704,3179
Stefano Nesti,701,3473
Mauriziotani,683,6115
Larth Rasnal,681,4864
Marek69,671,1873
Salvatore gioitta,668,23551
Kaspo,667,20373
Giano II,654,12482
Wetman,654,21311
Walter Giannetti,625,2580
Ffa,617,343
Robyfra1,612,4924
Fuucx,607,8216
CABAR,600,5050
Jeanne boleyn,596,601
Binnisco,586,1299
Massimiliano Panu,576,1751
CARAVAGGISTI,574,5346
The Emperor's New Spy,570,6592
Luca Aless,565,371
DnaX,564,5949
Miguelemejia,563,23952
Savidan,560,9180
CapPixel,552,1731
Bigfan,544,3662
Pil56,543,2616
LukeWiller,538,125091
Aldebaran69,533,7062
Delfort,531,14454
Jbdeparis,531,27555
Patafisik,526,8554
Roberto.Amerighi,518,238419
Agoseta,512,1917
Tr6637,505,6556
Messirulez,495,15009
Chiorbone da Frittole,480,2942
18052013,477,28568
Ferpint,476,897
FAM1885,475,3602
Racimolatore,453,12778
Lucio Di Madaura,449,17695
Gac,444,2259
Bukkia,444,5872
Justlettersandnumbers,444,7501
Axou,442,2283
Daviboz,438,2472
Cyberuly,434,880
Tpbradbury,432,2971
Neddyseagoon,427,10499
Jalo,426,8091
Ansa90,425,230
Andre86,424,2550
Anthos,423,8327
Burgundo,418,31898
Gianco941,417,2485
Sesquipedale,412,8771
Lugnuts,411,1165
Alvarex,399,2257
Gregorovius,397,18602
Sanremofilo,397,6985
Sampinz,396,1763
Fluctuat,387,9185
Babouba,386,5428
Crisarco,384,33030
Ardens,383,5351
Ymblanter,382,1162
Fra77zuc,382,2595
Sweetcorn,380,4029
Nes1,379,5492
Ian Spackman,377,21095
Andreone1983,375,4092
M7,373,16227
Bramfab,371,1148
Anthony59999,370,25011
Matte92,366,3691
Mikils,350,5208
Massic80,350,30349
Trident13,349,14591
Microsoikos,349,1848
Joyitaly,346,1337
Frassionsistematiche,344,4483
Hypergio,343,3611
GJo,342,2039
Mattimcfly,342,3527
Alessio Bencini,341,1038
Pirrica,339,1475
Narayan89,330,87800
Jllm06,329,110
Francesco da Campi,328,8347
Formica rufa,327,77073
Massimilianogalardi,325,18404
Kolosimo,324,12653
Lobby,322,712
Superzen,320,1806
No2,320,3038
Look2See1,316,7137
Biopresto,315,3555
Centro Club,314,1659
Beppeyeah,310,2382
Matteo700,308,1587
LPLT,308,20504
Prof.Quatermass,307,30782
Oranje~itwiki,306,1671
Mr buick,302,1243
StarFloosh,300,3194
Alexmar983,299,7808
Salvatorebruno,297,2635
Rémih,294,457
Vicedomino,293,3053
Wjkxy,293,285
Euphydryas,291,6662
Gp37,288,7803
Darja82,287,1850
Mongolo1984,287,600
Mentnafunangann,285,2788
Alleborgo,282,5864
CommonsDelinker,281,552
151 cp,281,12887
Shivanarayana,280,101438
Carlomorino,280,1701
Montagnapistoiese,279,8917
Thierry Caro,277,287
LupoCapra,277,911
Coclea,273,1138
Bucaramango,273,1703
SteveO1951,271,2332
Nrykko,270,4922
Diloy35,269,2697
FeanorStar7,264,171
Blackcat,263,1205
Carnby,263,3625
Funchion,261,6256
Civa61,261,3858
Esperanza222,259,654
Esculapio,257,1143
Contaldo80,256,2413
Etrusko25,256,4096
Mαρκος,256,1135
Flatron,255,10914
Marcocapelle,254,158
Ccmpg,251,2090
Pampuco,249,4517
Framo,249,1101
Gabri-Sid,247,1834
Rjensen,247,3401
Twice25,244,2154
Dahn,244,5753
Buggia,243,11033
Hm8011,242,723
Spazzino,242,2460
Cribegh,242,4067
Ricce,241,2009
Pj44300,240,761
Giano,240,2681
Threecharlie,240,4312
Str1977,238,4433
Barbierino,238,6183
Riottoso,238,35594
Daaviiid,238,1903
Kattivik,235,4213
Jeanne Delaine,234,4089
KAI1940,233,2522
Lonewolf76,233,3359
Moliva,232,3501
Eric-92,230,316
Moroboshi,229,15944
Tirkfl,228,114
Castagna,227,142355
Brosi,225,2659
Bracamonte,224,864
Dalriada,222,1917
Antares-shaigan,219,3055
Vaselineeeeeeee,217,1066
TioRima,216,3907
Mephiston999,216,145
Burzagli,215,878
Omnipaedista,215,489
Senpai,215,5161
Pelanch3,213,2111
Dimadick,211,1948
Helio85,209,8103
Niccolò ghionzoli,209,3199
Nicoli,209,137699
Edatoscana,208,1173
Richter-Rauzer,206,2001
Gemini1980,205,715
Eumolpo,204,1758
Sanghino,203,2362
Nirvaan.wiki,202,35851
Hafspajen,200,1609
Alessandro57,200,6721
Cristiano64,200,2859
Nico marra,199,6126
Goodvac,199,21013
LucaG83,199,737
Nanjo29,198,1819
Michelvincenzo,198,5361
Franco56,198,2437
Frietjes,197,364
Fabiozo,196,1228
L736E,196,32463
Goletta,193,24231
Cote d'Azur,192,160
Bultro,192,1766
G.F.S.,192,959
Cavarrone,192,2123
Gryffindor,188,1588
UberCryxic,188,14733
Soerfm,188,1061
Oursana,187,875
Tuareg III,187,2129
Mattiuaz,187,5578
Nicola Romani,186,1299
DH85868993,186,5322
Agne27,186,16740
Aciram,186,2016
Yuma,185,31549
Renamed user abcedarium,185,6250
Bookworm857158367,185,4282
Skyblueshaun,185,3531
JPS68,184,1259
Quangelo,183,5177
Ticket 2010081310004741,182,19717
Razzairpina,179,1094
Vituzzu,179,19361
Lorenz91,177,4864
Pelusu,177,2810
Mjroots,177,1088
Tyrrhenus,177,1647
Pasqualesax.12,175,773
Barone Birra,175,640
Paul Barlow,175,2931
Lion1607,173,2081
JNW,171,25709
Tim9,171,139
Antiedipo,171,1156
Zurich00swiss,170,1745
Jacques Ballieu,170,1864
Curiocurio,169,11693
Kansas Bear,169,1647
Gwern,168,10261
Kirk39,168,16485
Stefanox1985,167,1121
Aplasia,167,1969
Manu1960~itwiki,167,2580
Srnec,166,8675
Elitre,163,9419
Leopold,162,6736
1bandsaw,162,1597
Manuelarosi,161,21961
Damonking,161,9704
Modernist,160,1335
Sidonie61,160,1164
Kertraon,159,2126
Stéphane33,159,226
...Angelita...,158,410
Selvalta81,158,6231
Z.Pisa Memories,158,1066
Lucas,157,1497
PaoloFaulkner,157,117
Ildebrando,156,5072
FactStraight,156,1701
Teodoro Amadò,155,554
Fpittui,154,642
Joopercoopers,154,823
Mazapegul,154,7565
Orso80,154,4023
M2545,153,4963
Kanchelskis,153,5243
Pierpao,152,51712
Epolk,152,5479
Ceccofil,152,4670
Adalhard Waffe,152,3041
Gian-~itwiki,151,378
Ewulp,151,6811
TIY,151,4014
Docwally,151,3109
Marco.scarpellon,150,14629
Jihaim,150,168
Michel wal,150,3177
John K,150,3202
Wikipedia Express,149,1436
Polisemico,148,10400
Lombres,148,2523
PBS-AWB,148,539
Snowdog,147,1656
Martaut,147,2524
Dr Zimbu,147,7149
Polylerus,147,10496
DonCalo,147,9087
Ary29,146,2260
Bgwhite,146,373
Retignano,145,7629
AndreaPoggianti,145,5558
Denghiù,144,291
Superchilum,144,1635
Lord Cornwallis,144,733
NICOLA1999,144,250
Alerico,143,2248
Iamthecheese44,142,710
Erinaceus,142,2272
Peter K Burian,141,775
Ricusdella,141,6721
MatteoGiorgio,141,14107
Mirco77,140,285
Petro,140,919
Santa Barzara,139,812
Cs-wolves,139,1440
Gianfranco,139,1775
K.Weise,138,1671
Mau986,138,580
Pizzo1981,138,2275
Selery,137,3628
Geregen2,137,2780
Jerus82,137,22328
Federigo Federighi,136,10557
DomitillaDL,136,2936
Grifone87,136,819
Marcok,135,1229
Fram,135,1725
Fabio Maurizio,135,425
Mess,135,20976
Jaraalbe,133,163
Vegetable,133,49667
Teo78,133,1790
Hugo999,133,147
Giordana2,132,2393
Februari~frwiki,132,614
Midnight bird,132,59767
Booboo85,131,4855
Nickfree72,131,4609
NiloGlock,131,753
PericlesofAthens,131,1253
FruitMonkey,130,4952
Rms125a@hotmail.com,129,174
The Polish,129,1678
Wikimniscient,129,2770
Kasper2006,129,767
Long Ben Every,129,979
EH101,128,3054
Guidomac,128,3650
Pramzan,127,12790
Stbalbach,127,3470
Sander.v.Ginkel,127,4074
Nickbigd,126,2022
Klaudio,126,2555
Speculos,126,104296
Knoxville,125,1423
Tirinto,125,27417
Ycarus455,124,1126
Haiduc,124,21296
Huster,124,517
Aldebaran2,124,2020
Basilicofresco,123,4221
Tim!,123,319
Dr. Blofeld,123,2581
Theologiae,122,15782
Jmabel,122,5937
Patapsco913,121,3256
Stefano Riccio,121,7700
Taueres,121,52625
S vecchiato,121,5838
Plbcr,120,13508
Leo72,120,4269
Ignisdelavega,120,30893
Andreprato,120,444
Akur,120,2780
Domenico Serlupi,120,4226
Salsero35,119,1955
Taksen,119,3872
Johnpacklambert,119,209
IvanScrooge98,119,141
Michi81,118,215
Mizardellorsa,118,588
Philippe rogez,118,3186
DCinfouma,117,3053
Trowel,117,6074
Serendip,117,1294
Killer BOB,117,1132
Parsifall,117,548
Rei Momo,117,1269
Roberto sernicola,116,3950
Aedo89,116,403
Bluesangrel,116,439
Severo,116,1606
Teresa67,116,2947
Holapaco77,116,3634
FloraFlavia,116,333
Vallombrosa,115,12998
Brutaldeluxe,114,1112
Mario1952,114,1071
Lockley,114,504
Jibi44,114,1636
Hal8999,114,645
AttoRenato,114,27484
Gattopard8,114,590
Djln,113,1376
Harlock81,113,25689
Bbruno,113,107024
Fedeghela,113,2565
AleMogliani,112,2702
Loiois,112,6683
Caarl 95,111,10742
Albertomos,111,1853
Accurimbono,111,1033
Vlaam,111,10043
Lx 121,110,1113
Andrzejbanas,110,8167
Antonio1952,110,5606
Deor,110,1332
Mattiuas,109,603
Ylebru,109,1374
Voceditenore,109,1156
Jfel,109,1923
Nick.mon,108,5207
Simostar,108,1529
Araldo81,107,434
Lorelorelore,107,6652
Caramella90,107,3795
Balfabio,107,7538
Nezdek,107,1613
Jaellee,106,926
Antenor81,106,2618
F Ceragioli,106,1319
Wrukka,106,2660
ChrisD11,106,641
Lupo rosso,106,2782
Ranumspa,105,3648
Jean-Christophe BENOIST,105,37361
CJRDens37,105,840
Civvì,105,970
Frédéric-FR,105,4320
Vonvikken,105,688
Ge1893,105,1494
RadioVentasso,105,185
Lele giannoni,105,1656
Limonaia~itwiki,105,895
Giovanni Cerretani,104,1274
Cymbella,104,1288
Giorgio Sagrini,104,3001
Ohconfucius,103,1945
Fil,103,1245
Pam955,103,1309
VanishedUserABC,102,1597
Gep,102,1255
Controllore Fiscale,101,918
Mbzt,101,432
Checco,101,2285
FlagSteward,101,8418
Micoapostolov,101,1398
Biker Biker,101,116
M. Armando,100,1001
Al Pereira,100,4592
Skblzz1,100,2737
Ksnow,100,3742
Azzaro21,100,2361
Eyadhamid,100,370
Pz-it,100,644
Icarus83,100,4125
Gpcarrai,99,5683
Gino Frediani,99,6519
Gandalf33,98,1498
Xavoun,98,102273
Chris93,98,1248
Shezarainbow,97,2663
Grasiaswlaraza,97,994
Matrix1963mb,96,4346
Jose Antonio,96,809
Pagnie,96,3688
A E Francis,96,6366
Fantasma,96,451
Adam sk,95,2096
Er Cicero,95,1705
MassimoC,95,1215
Mandariine,95,13818
Tobibln,94,103
Jollyroger,94,36225
Anabasi,94,3971
Philippep,94,7061
Charles01,94,3450
El Greco,94,674
Hinnibilis,94,556
SiefkinDR,94,3197
Lineagoticafight,93,6341
Montgallet,93,533
Andtrap,93,3865
Nubifer,93,40596
Antandrus,93,5059
Panther~itwiki,92,2259
Dedda71,92,200
Mattis,92,1561
DONOGIUSEPPE82,92,4911
Trackteur,92,1826
Laszlo Panaflex,91,1716
Attilakk,91,1241
Dimitrij Kasev,91,100756
Janus,91,2075
Euphonie,91,5623
Trebbia,91,1397
Efilguht,91,12288
Donenricograssini,91,2175
Bielestele,90,1137
Musso,90,1692
Paolobon140,90,1225
Caulfield,90,1993
Ciaurlec,90,413
Merbabu,90,295
Ruthven,90,47023
Bede735,90,2457
Giunea,90,37153
100% Reporter,89,419
Simone Agnetti,89,2750
Nick46,89,7116
IlPasseggero,89,987
Piecon,88,18738
Bibi Saint-Pol,88,114
Steccastorta,88,749
Kurio,88,873
Vichingo93,88,5586
Il Rustichino,88,1832
Afernand74,87,2088
Leiria,87,939
Lawrel,87,3022
Hercule,87,173
Gabriele Boccaccini,87,1407
Vermondo,87,22118
JASpencer,87,542
Ita140188,87,3842
Chaumot,87,3597
Driante70,87,1983
Chiave 10,86,1424
Laurinavicius,86,255
Lilear00,86,1327
Consbuonomo,86,965
Alphabeta,86,301
Goldwin,86,763
Mwanner,86,45462
Indeciso42,86,329
RobertoITA,85,898
Tener,85,32194
ValterVB,85,53806
Elisa Fiorenzani,85,6333
Il quarto Angelo,85,11847
Kleinzach,85,8213
Codex,85,5379
Francisco83pv,84,1244
Groucho75,84,669
Nouill,84,2537
Llorenzi,84,504
Python72,84,4319
Ruby2010,84,2176
Etienne,84,1107
Leszek Jańczuk,84,426
Daniele Pugliesi,83,1652
MapiVanPelt,83,87268
Baghina84,83,4724
Quilico,83,9632
Funandtrvl,83,558
CorraCorra,83,1252
Gherardus,83,1953
Lynnthree,82,4367
Carltru,82,250
Nicolade,82,1327
Monegasque,82,112
TimeForLunch,82,21791
Ghirlandajo,82,4086
Lucarelli,82,206
Retaggio,81,1689
HammyDoo,81,6558
Marco22081971,81,962
Mith,80,250
Randy Kryn,80,190
Fringio,80,1490
Ermanon,80,639
Oxxo,80,4243
Etiennekd,80,2517
Bearcat,80,329
FCNantes72,80,2174
Jbribeiro1,80,1122
Pigr8,79,2615
Discanto,79,525
Il Dorico,79,5452
Tajotep,79,1239
Juliet.C,79,2522
Necrothesp,79,3212
Stephanieaguthrie,79,1464
Filippoalbe,79,4675
Bender84,78,1421
Dr.K.,78,1385
Marco Chemello (BEIC),78,3818
Beghets,78,446
Sasuke89,78,1401
Teresa1997,78,1206
Demostene119,77,52288
AWhiteC,77,9330
Enredados,77,249
Shory,77,1983
Joe123,77,636
Wiki Greek Basketball,77,1471
Tanet,77,635
Renato Vecchiato,76,494
Gwilbor,76,1318
Fullerene,76,37723
Dispe,76,4695
Sidna,76,2883
Robyc73,75,589
Hoosiers602,75,38866
Ribbeck,75,503
OrsOrazio,75,3732
Brigante mandrogno,75,15931
Calabash,75,10222
ArtAttack,75,25018
Rvalette,74,476
Panairjdde,74,253
Daviravi,74,1629
Greensburger,74,4475
Cerambix,74,291
Pierregil83,74,972
Rutja76,73,16973
Carl Logan,73,572
Amarvudol,73,6668
Ayers,73,3601
Giovanni chiesa,73,1321
Sparkit,73,159
Stedall,72,4920
Arenavittorio,72,9489
Gilbertus,72,568
Northamerica1000,72,534
Wrangel,72,607
Pierinimauro,72,4242
Valepert,72,677
AlboWik,71,1355
Carrarino,71,695
Charles Matthews,71,3041
Archeologo,71,984
Blaue Max,71,1219
Myrabella,71,727
RichB,71,1608
Riccardov,71,4467
Cardoso7!,71,2014
Yiyi,70,2508
TheGentleman,70,854
Reigen,70,6606
Lonewolf1976,70,2092
Blanche of King's Lynn,70,1096
Ripepette,70,28021
Terre Apuane,70,1872
Unknown Unknowns,70,1062
EdgeNavidad,70,4486
MarcusVetus,70,2004
Carlomartini86,70,929
Carptrash,69,302
Gce,69,2109
Dennis Bratland,69,983
Philafrenzy,69,490
PiCo,69,2193
A VIE SAINE,69,1153
Torquatus,69,1258
Ggal,69,165
Fabio.gastone,69,206
Bahnfrend,69,2534
Vlastimil Svoboda,69,1025
Jnc,68,2233
Nricca,68,5197
Tarasov,68,2779
Niall123,68,2388
Brikkye,68,550
Cantalamessa,68,11193
Doug Weller,68,4445
Lucaf1,68,1371
Cherche-Fautes,68,2096
Chiefmanzzz,68,7466
The Rambling Man,68,10187
Paliano,67,233
Paul August,67,2408
Skydreamprince,67,3780
Rojelio,67,19243
Olotitogrand,67,691
FS Italia,67,1317
Cruccone,67,841
Dbachmann,66,2758
Oda~itwiki,66,537
Pietro,66,928
Freddyballo,66,265
Rinoa10,66,3947
Eurotest,66,1379
Ffeeddee,66,150
Andreabrugiony,66,5725
Jacobaeus,66,1331
Mannanan51,65,5011
Giuggiola90,65,331
DilletantiAnonymous,65,292
Lolo7433,65,1098
RandomCritic,65,791
Joan Benvegnu,65,13385
Ask21,65,12267
Frenky-77,65,1750
G.steph.rocket,65,2044
Delehaye,65,1548
Mirko Tavosanis,65,364
WhisperToMe,65,4103
Van Loon,64,496
Valentino1,64,615
Otourly,64,500
Wind of freedom,64,512
Pierre Bona,64,4523
Piero Montesacro,64,694
Belllissimo,64,221
FDo64,64,481
Do not follow,64,55247
Grahamec,64,966
ToMilan,63,6566
Agilulf2007,63,6750
F.chiodo,63,4586
Inillotempore,63,1514
Celette,63,634
Christihan,63,309
Favonian,63,4676
Franky007,63,356
Nicola Quirico,63,483
Martina.lenzi,62,3595
Ryujidanma,62,215
Antonella Polo,62,6384
Skiff,62,123
Awd,62,337
Lingwood~itwiki,62,889
Marcordb,62,1504
Infoghivi,62,3082
Dega180,62,137461
Aeronio,62,3303
Manacore,62,669
Interfc,62,1191
JoeHebda,62,211
Zarvonov,62,101
Nightscream,62,193
Sannita,62,6405
Laurentius,62,102
Goribau,62,785
AYE R,61,2811
Metralla,61,577
PAULOM,61,1079
Valerio79,61,52991
GiaGar,61,2980
Tango7174,61,176
Agapito Malteni,61,512
Cobra bubbles,61,302
B defelici,61,8550
Antonio Mette,60,30180
Pjoef,60,2471
Gogafax,60,1270
Simo82,60,606
Lotje,60,768
Junior,60,964
StAnselm,60,1432
Demart81,60,2913
Rikytarko,60,1952
Simoneschiaffino,60,1627
Harryzilber,60,3011
GianCAD,60,2172
Velathri,59,1923
Jimmy44,59,6212
Pseudolo79,59,716
Andrea Giannattasio,59,418
Uffalele,59,8098
Christianlorenz97,59,362
Jogurney,59,258
Jevansen,59,302
Italia2006,59,1243
Andrea.Muscoli,59,1557
Sebjarod,59,4134
Federico86,59,1275
Azurfrog,59,1477
G.dallorto,59,556
Mrtb,58,484
S.baroni,58,3932
Eponimm,58,12739
Morize,58,2399
Ctconnolly,58,1019
Codrinb,58,958
Ceoil,58,465
Giacomo Seics,58,1299
Caravage10,58,9153
Vvirgola,58,127
MatteoGuasti,58,305
Ggg,57,703
Ines,57,13846
Epeefleche,57,943
Dpbsmith,57,476
Carlo Dani,57,127
Jmax,57,461
Neoconservatore,57,3261
Devsan,57,1889
Tenebroso,57,608
Laboratorio sf,57,1682
McBoing 99,57,519
Supernino,57,18787
Cinmad,57,6414
Matteo17051984,57,1384
Prat,57,1415
Ianuarius,57,868
Daehan,57,696
Papa November,57,1701
Marco Plassio,57,612
William Jexpire,57,8324
Conde Lucanor,57,738
Sutis,57,2954
115ash,56,1059
Frazzone,56,21404
Lightmouse,56,107
Danicors,56,379
Lucchese88,56,24929
Konstantinos,56,4563
Iardo,56,3896
West Virginian,56,1981
Dream2082,56,1366
Stef72,56,908
Mel22,56,4599
Elwood,56,26523
NormanEinstein,56,502
Aeroleo,56,5156
Ettore Timi,56,653
Seudo,56,1258
ImPERtinente,55,276
Passoa15,55,286
Vespino88,55,2038
Heureux qui comme ulysse,55,1558
Conte di Cavour,55,3034
Narky Blert,55,434
Balsame,55,760
Alexander VIII,55,8291
Felix Folio Secundus,55,285
Jeff5102,55,9253
Enrevseluj,55,12180
R'n'B,55,15303
Volcan,55,1611
Andbona,55,3213
Theoliane,55,10326
Vanasan,54,554
Valle del Pelago,54,4107
Umberto Basilica,54,103
Lou Crazy,54,3987
Mimich,54,2508
Gaux,54,573
Horcrux92,54,5477
ArisMethymna,54,2074
Davide,54,4241
Eva4,54,4906
Auro,53,1405
Fhmann~enwiki,53,6173
LittleOx,53,829
WILO-MA,53,954
Fadesga,53,153
Dfotev,53,431
AndreaCoppola00,53,666
LuTune,52,3699
Baroque1700,52,1674
3knolls,52,4797
Kefalonitis94,52,1219
Freeezer,52,6378
Zyance,52,280
Pivari,52,261
Dome,52,4510
Giampiero86,52,8373
BD2412,52,455
Kurioso,52,13469
FiloSottile,52,382
TIO.RIMA.,52,1745
Akadians,52,1678
Gpmat,52,2987
Saga31,51,2564
Franz van Lanzee,51,722
Rdo1987,51,363
Justinianus da Perugia,51,631
LaVoiture-balai,51,249
Venturik,51,2241
Yopie,51,1340
Tursclan,51,2556
MOSSOT,51,7745
Mimihitam,51,10038
The Prat,51,133
Samuele Madini,51,979
Juve10,51,1984
Treanna,51,1160
Amendola90,51,29612
YukioSanjo,51,125
William Avery,51,2178
Daderot,51,622
ROO BOOKAROO,50,10256
Luc19,50,1200
Giancarlo Rossi,50,552
Il Corsaro Blu,50,3571
Mamiliano,50,3194
ItalianainAlgeri,50,324
Ninadu16,50,10356
Ptolemaios,50,2035
Massimo Macconi,50,847
Semolo75,50,13083
Makuiepoka,50,6334
Caravaggisti,50,7969
Vasta,50,7140
Qbert88,50,3473
Vipera,50,11210
Keithh,49,1450
Lo Scaligero,49,139
Paolo Cerretini,49,3174
Theo F,49,1185
Anima della notte,49,3750
PandeF,49,1651
Davidechn,49,797
Cecco13,49,5393
Hardrada,49,2311
Loic182,49,392
Jeanhousen,49,120
C'correct,49,1510
Pinea,49,1255
Dwight73,49,9785
Melonkelon,49,1901
Marmaluot,49,1169
L3O,49,5384
Fabrighiglie,49,2241
Marko-18,49,527
NicoScPo,49,791
Alfio,49,11227
Menion89,49,744
Peppo,49,788
Gi87,48,2072
Tonalone,48,3467
Primo balestriere,48,1706
Rédacteur Tibet,48,929
El Funcionario,48,294
Wildhartlivie,48,943
Parklands cobbler,48,302
Ghostwriter194,48,591
Barbicone,48,295
Tony1,48,165
Cplakidas,48,1694
Orric,48,387
GiorgioGaleotti,48,303
Sionk,48,521
0lorenzo0,48,695
MSacerdoti,48,4786
Marlok Mavik,48,6403
CHARQUIN,48,1068
Alessandro Barone,48,1036
Rally180,48,13859
Per Honor et Gloria,47,4388
Parma1983,47,1452
Ranma25783,47,288
C. R. Mack,47,4195
Wjhonson,47,1111
The Almightey Drill,47,653
Bjenks,47,715
Sgly,47,178
Club2birre,47,1331
Authueil,47,44670
Andrej.yo,47,550
Carlomarinobuttazzo,47,506
Jim Michael,47,392
Esoglou,47,1655
Luckyz,47,465
Frigotoni,47,25121
Betta.1,47,1777
Djharrity,47,3803
Moroder7,47,4749
Mindmatrix,47,588
All Hallow's Wraith,47,608
HelenOnline,47,781
Anthony Bradbury,47,1220
842U,46,584
Lore 1998 7,46,86130
Dd1495,46,87721
F.delu,46,1514
Olimparis,46,920
Racklever,46,2471
Chairkiller,46,5576
AleCapHollywood,46,1820
Melquíades,46,2235
Carlo Ricci,46,2737
Xanderliptak,46,4997
Ruyblas13,46,3530
AxelBoldt,46,1453
ReaperSox,45,874
Aubmn,45,648
Pequod76,45,638
Pigsonthewing,45,876
Ridiculus mus,45,4155
Pommeret,45,12031
Jerome Kohl,45,335
Chris a liege,45,4063
Cotton,45,8794
Snake990,45,11913
Ergaster,45,941
Anitadue,45,2405
Popop,45,1017
Principe Arcobaleno,45,180
Samuele,45,4805
Ghju,45,8042
Casiraghitrio,45,947
Massimo croci,45,792
OT38,45,591
Koavf,45,304
Hadrianus,45,1911
Aymatth2,45,777
Enzino,45,424
Abisys,45,6330
Franco aq,45,1039
Naumakos,45,281
Ptyx,45,496
Alexale,45,1314
Bwmoll3,45,1715
Smetanahue,45,2110
Marika Bufalo,45,53690
Arbero,45,413
Quatar,45,972
Sedlex,44,564
Pz-engl,44,339
Jolymall,44,1927
Restu20,44,13070
Bishonen,44,154
Vulpachjinu,44,966
FrancescoRustichini,44,3614
Faberh,44,2538
Franztanz,44,7596
Drmies,44,1073
WinstonSmith,44,3081
HenryXVII,44,1507
Kilith,44,5149
BrownHairedGirl,44,101
Roger469,44,892
Jerome pi,44,1280
Ilario,44,484
Marcol-it,44,202
Grafen,43,1276
Adam Bishop,43,997
Berdea,43,147
AnjaManix,43,6774
Mav,43,8320
Mikenh,43,161
Adert,43,4203
Marko86,43,1663
Puccetto,43,438
Howcheng,43,579
Manoirlaud,43,849
Darius Dhlomo,43,346
Simbionte.11.,43,194
Innocenti.rob,43,1981
Umibozo,43,410
Aerospike,43,4280
Rollopack,43,1769
Atilaros,43,3716
Talmid3,43,228
Ionel141,43,1803
Dawud,43,1093
Carlossuarez46,43,297
LlywelynII,43,1014
Charles,43,230
Victoriaearle,42,580
GoingBatty,42,2476
Melkor II,42,8818
Tia solzago,42,1641
Furriadroxiu,42,130
Emanuele Taddei~enwiki,42,728
John of Reading,42,332
Osk,42,37944
Desyman,42,1115
Richardwillmer,42,171
Mandeville,42,1426
Hebrides,42,2127
Cosicome,42,646
Bender235,42,1146
Urambel,42,711
Greenshed,42,151
Solipsist,42,3406
BaldBoris,42,1541
Svarto,42,220
DVD R W,42,42402
Mirimonna,42,1549
Marioguarducci,42,194
GianlucaMatelli,42,4304
Giampy.78,41,2174
I love the cyclisme,41,14798
Guilhem,41,599
Citazione,41,117
Sixas,41,333
Dewritech,41,298
Fredrickemms,41,1872
TheLeopard,41,119
Pietrofdm,41,1761
CristianoMacaluso,41,1670
Rivertorch,41,1766
Lolaazerty,41,466
Luccaro,41,6474
E.fronzoni,41,6093
Urumbamba,41,182
Windino,41,220
Elbloggers,41,805
Gamma68,41,325
Grikkorio,41,10557
Materialscientist,41,2244
Tibetan Prayer,41,365
Gunningmt,41,497
PBS,41,6616
Lerat77,41,2272
SPORTISSE michel,41,4005
Chensiyuan,41,607
GrahamHardy,41,102
Alarbus,40,2148
Titlutin,40,3558
CPFiorentina,40,1337
Ccaranza,40,591
Opfsmnovella,40,2435
QuiQuoQua,40,318
GigiCimaschi,40,657
Number55,40,1170
Lucifero4,40,299
DarkAp,40,11510
Rjdeadly,40,5933
Goliadkine,40,221
CaptainHaddock,40,881
EmDee,40,325
Bluteo,40,1729
Piniricc65,40,459
Markussep,40,1488
Guerinf,40,4035
Coldcreation,40,859
Menelik,40,939
Johann Wolfgang,40,3316
Rdocb,40,558
Bellatrovata,40,23757
WQUlrich,40,2520
Vale93b,40,1586
Fodbold-fan,40,527
Pierre da Cortona,40,506
BohemianRhapsody,39,7261
Scythian99,39,1087
Ham II,39,1265
Mdukas,39,226
Simone3,39,421
Jlfocd,39,1007
4tommy,39,2520
AndyMor,39,1732
Edoardo Leone Gragnola,39,375
Rhinen,39,277
Quasar75,39,12962
Skinbd,39,1458
Vale maio,39,3711
Paola ircani,39,25056
Ludo29,39,562
Pmpmpm,39,456
Pacini Fabio,39,601
Gierre,39,1767
Deblu68,39,665
Carlousa,39,6331
R2RFIFF,39,2721
Biscuittin,39,335
H.Ehnes,39,1486
Plastikspork,39,1673
ExperiencedArticleFixer,39,120
GreenC,39,419
Delirium,39,613
Soltantoparolealvento,38,3127
Dl2000,38,195
Dthomsen8,38,526
G.zinzula,38,7676
Simone.lippi,38,343
M&A,38,1508
Cheesy mike,38,297
Electus,38,478
Chunterkap,38,3751
Frate Agostino,38,5441
Cadria,38,937
Funnyhat,38,189
Jpda,38,50158
Valledelverde,38,396
Avoja,38,350
Arturolorioli,38,2210
Nuz94,38,3740
Fabio Matteo,38,4086
Foxtrot1985,38,1059
$too$h,38,976
LedRush,38,481
Kintetsubuffalo,37,281
Ulivo,37,654
Nikkimaria,37,138
Viator,37,345
Kibira,37,49936
Fresh2008,37,1329
Jacopo Werther,37,451
Keivan.f,37,412
GuroneseDoc,37,968
Elisa Marianini,37,2265
Ficarello,37,748
Walrasiad,37,3354
Reever,37,3167
Grandenando,37,515
HansM,37,1545
Ossessionatodallalibertà92,37,2002
Derek R Bullamore,37,2202
Jules78120,37,5926
Roberto Mura,37,3971
Trocche100,37,1070
Xoil,37,1124
Pierreci,37,146
Franzy89,37,286
Egsan Bacon,37,164
Amypv,37,1332
Lapo Bertini,37,633
Visite fortuitement prolongée,37,236
Jeffmalmberg,37,423
Wiki alf,37,1108
FramaKa,36,17175
Pava,36,527
Aldux,36,970
Wliiam·Shakespeare,36,311
Glrx,36,111
JRibaX,36,832
Lametropolitana,36,1891
Marco Daniele,36,1096
David J Wilson,36,6233
Blairall,36,123
Sextum,36,1997
Pushmenon,36,1131
Santa diavolazzi,36,687
Mini.fb,36,346
Indubitably,36,280
Nerijp,36,10734
C.patri,36,2915
Alarichus,36,557
Parkwells,36,529
Annod,36,178
Berns,36,895
Massimop,36,1818
Lec CRP1,36,3374
MarnetteD,36,467
Moloch981,36,664
DWC LR,36,321
Lucare87,36,287
Plasm,36,418
Jane023,36,457
Mcdonal6,36,1522
Noq,36,22392
Rich Farmbrough,36,314
Pielleunipi,36,170
Paolo Nardini,36,20672
Bob Burkhardt,36,172
LucaLuca,36,193
Luigi.tuby,36,222
Ottaedro,35,3918
Roberto Lucarini Manni,35,497
Maquesta,35,592
Chrysochloa,35,6514
Alessio.chiuppesi,35,3027
Michael Hardy,35,178
Zombie433,35,1741
Michael Goodyear,35,412
Prosenjiit,35,1132
Pèter,35,932
ILoveKorea,35,283
Loapa,35,1088
Una giornata uggiosa '94,35,1826
Jaysuc,35,595
Tholynski,35,2388
Jacopocioni,35,4223
Pochsad,35,2042
GiuseppeMassimo,35,1558
Mattythewhite,35,229
Denisarona,35,207
NoraComm,35,999
Lucacci,35,8522
Zane Nariman,35,794
Icco80,35,3402
Antonio777,35,9977
Viva-Verdi,35,1657
Mazewaxie,35,877
Rachelmychajluk,35,6149
Omegastar,35,144
PamD,35,117
Bingospaga,35,795
HTML2011,35,620
Edgepedia,35,187
Airon90,35,230
PupyFaki,35,58771
Zoe,35,6220
Robertocei,35,524
Alex Du Ville,35,1110
Rodrigotebani,34,1583
Marco Sassone,34,11203
Meissen,34,806
Mrwick1,34,373
Xcia0069,34,4603
Picchi,34,654
Mpwsc95,34,893
Luigi6704,34,1275
Lostprophet,34,456
Mafaldita81,34,5709
Cimmo,34,1509
Storia di Palazzi,34,434
Gigi er Gigliola,34,2856
Fioravante Patrone,34,430
Williamsshore,34,1283
Spurinna,34,157
Frania Wisniewska,34,826
L.gabriel,34,3690
Daniel the Monk,34,2338
Jacopo,34,185
Filiep,34,865
Verbex,34,7000
Cinghiale1,34,261
Alexcoldcasefan,34,1682
Weijiya,34,1572
User-duck,34,4765
C3sa16,34,992
TI1880,34,744
Mampocomam,34,5668
TCY,34,2529
Roucas,34,595
Missvain,34,556
Ghinozzi-nissim,34,226
Gliu,34,23271
Corne006,34,880
TFOWR,34,9204
TAnthony,34,193
Jörg Bittner Unna,33,362
Kablammo,33,6048
Eustachiusz,33,510
Clio64,33,3379
Moeguzzi,33,222
Mburizzy,33,450
1717,33,3308
Edelfio,33,1139
Madmats,33,2304
L0r4nd0,33,2030
Leznodc,33,510
FelixRosch,33,2968
Moongateclimber,33,170
DagosNavy,33,157
Kwork2,33,1172
Addacat,33,557
Simoneberna,33,471
Robur15,33,581
Choess,33,933
Ipigott,33,814
Jaqen,33,2025
Dans,33,2344
Museodeltessuto,33,137
Liopac,33,1339
Mill 1,33,812
Vittorino55,33,886
Anthony Appleyard,33,11596
Simone80,33,5103
Daio,33,3104
Le pro du 94 :),33,1391
Rosa Mauro,33,290
Alebufo,33,4864
Jmex,33,481
Wololoo,33,223
Tronca86,33,1476
Philippenusbaumer,33,571
Emanuele Taddei,33,2251
Donata Mazzini,33,196
Ariel,33,544
Plorenzini,33,1987
MatteoM95,33,1559
Arsene lapin,33,4704
BerAnth,33,39888
Luca Bergamasco,33,850
Fire90,33,62189
Lucretius,33,182
Zigzig20s,33,970
Wetto,33,10266
Vergaglia,32,328
Wgolf,32,160
Baronnet,32,186
Orthomaniaque,32,226
Graham87,32,2341
Cicciopantera,32,723
Inviaggio,32,505
Federicoluc,32,3246
Pradigue,32,1131
Duccius,32,601
Carlottaguidi,32,5519
Turgon,32,947
Jado,32,507
Andreas Kaganov,32,4755
Antinoos85,32,578
Pynard,32,601
JustAGal,32,120
Admaiora,32,246
Fenice,32,203
AndrewInter,32,3412
Mandalorian,32,10545
Arnaud 25,32,4013
Viriditas,32,2588
DocWatson42,32,478
Nurkara,32,983
Zyxw,32,919
Dr.robin,32,3601
Silvano2010,32,686
PolBr,32,2066
Avesan,32,391
Witger,32,456
Jean-Jacques Georges,32,185
Letartean,32,2194
Enfi,32,687
Metaphysicus,32,642
Apuanus,32,599
Buchraeumer,32,525
Agricolae,32,89909
A.bartolinibaldelli,32,11231
Divacat,32,1875
Clcasadio,32,428
Darwinek,32,4517
Brandano,32,549
Sidvics,31,380
Archaeodontosaurus,31,153
Gerard-emile,31,12967
Kivi,31,1280
Elisaviola,31,1168
Bigmatbasket,31,5504
Abyssadventurer,31,246
Ettore Benedetti,31,1689
Riccardo Fangarezzi,31,3784
Audrey22,31,1219
Frieda,31,1238
Rehtse,31,254
Bill Thayer,31,4602
Fagairolles 34,31,258
VivaItalia1974,31,2516
Infrogmation,31,647
Dm.insubre.82,31,3584
Deb,31,2338
Ji-Elle,31,2547
Aldoparisi,31,2653
Equord,31,5428
Niculinux,31,1943
Pierrette13,31,310
Mervyn,31,1093
Ultrogothe,31,581
Stef76,31,3328
Chaoborus,31,1907
AlvaroSeco,31,11293
Raven10,31,3031
Sempreblu07,31,462
Fuferito,31,1244
Eagle Owl,31,1354
Iacobus,31,180
DocteurCosmos,31,4364
Cambon,31,1074
Seiopotessi,30,202
Mattho69,30,10200
Anulare,30,13484
FabC,30,783
Matteo Grasso,30,1929
Robert.Allen,30,1110
Olonia,30,13768
Ysogo,30,236
Enne,30,60430
Rerum gestarum scriptor,30,1500
Enrico Lapucci,30,2844
Torredellago,30,557
Giuscam,30,3116
Ciofe23,30,3182
Llodi,30,967
Stend 82,30,12646
Sinergest,30,154
Massimo.dada,30,2921
Neutrality,30,1972
Pippobuono,30,5124
Rnt20,30,571
Shakko,30,168
MySelene,30,3757
IndyJr,30,395
Vito Calise,30,1530
Eda~itwiki,30,1836
Giorgio Signorini,30,667
TALABERT,30,187
Bodrix,30,418
Xaura,30,500
SimonPersonalSpace,30,1404
ZG 90,30,174
Rtkat3,30,3450
Fayor1,30,247
Pmanderson,30,131
Vio911,30,488
Arnoutf,30,3957
Kronos,29,277
Giulio Mainardi,29,433
Brownout,29,170
Brian0918,29,1445
Ellegimark,29,1694
Guam,29,1687
Diádoco,29,121
Skyfall,29,2091
Gabriele ciatti,29,944
Etacar11,29,13954
Ligamaister,29,1136
Prof.lumacorno,29,440
Perkele,29,1641
GentoUniWriter,29,5791
Dario Manili II,29,9306
Van helsing,29,27893
Justelipse,29,880
Enok,29,1906
Brucvaldo,29,1779
TierrayLibertad,29,1172
Hillbillyholiday,29,708
Paulo72,29,128
Francescogagliardi,29,197
Firenze1926,29,215
Senelori,29,1902
Loreforense,29,4090
JamKaftan,29,847
Stefanferr,29,319
Francesco Babboni,29,3631
Katharineamy,29,273
MilborneOne,29,492
Jerome LMA,29,1487
Baldo 18,29,975
Mik59,29,2213
Werldwayd,29,802
Goustien,29,781
Elidire,29,932
S141739,29,144
Moulins19,29,667
Gino costagli,29,1348
Bruxellensis,29,338
Mushroom,29,4838
Trimalcione,29,411
Adriano.93,29,367
Gabrio,29,404
Richelieu,29,1676
Autodidactyl,29,185
RichardMills65,29,1545
JackofOz,29,1053
Rambo's Revenge,29,1326
Generale Lee,29,398
PersOnLine,29,7721
Asarelah,28,154
Clarityfiend,28,300
Monozigote,28,5159
Fabiom1966,28,3319
SMADG85,28,310
Umberto NURS,28,72950
Wim b,28,3093
Stef Mec,28,517
Beppeveltri,28,201
Elizium23,28,192
MisterGB,28,5072
Luca Oddone,28,1659
Marco Rosellini,28,105
Btfcppura2,28,856
Mattissa,28,180
Es2003,28,2626
Lainus,28,261
Edowikip,28,815
MIKHEIL,28,116
Nono64,28,508
Jacklab72,28,1469
Brucointestino,28,399
Sanchalex,28,3471
Executeur,28,460
PolskiLad,28,360
Wendylee uchi,28,2365
Panz Panz,28,430
Angelosante,28,519
Aristofane di bisanzio,28,856
Geographiste,28,9106
Shaka,28,3714
Jeanambr,28,872
Lorenzo Taddei,28,385
Alfonso Galuba,28,365
Windreaver,28,1078
Arthur Crbz,28,1291
Franz53sda,28,8888
Vvallin,28,363
Tomandlouisa,28,2751
BigUp,28,935
Nuada33,28,476
Smallbones,28,806
Kirrages,28,1440
Giovanna Pecorilla (Uffizi),28,1092
Victuallers,28,1176
Maremmano,28,230
NYArtsnWords,28,932
Unreal7,28,959
Mau db,28,24453
Ramatteo,28,1548
Colonies Chris,28,179
Longo73,28,1355
El francoh,28,694
Keckel,28,53799
SNAAAAKE!!,28,363
BarrelProof,28,198
Pizzaebirra2008,28,1506
HenriDavel,28,1183
ADM,28,309
AugenTier,28,933
Amedeofelix,28,466
Lekoren,27,379
Ness10,27,1801
Fabio.Morozzi,27,583
Barbaking,27,4310
Catlo,27,386
Yorkshirian,27,4711
SerF555,27,5342
EamonnPKeane,27,231
Fale,27,2484
Orphypnos,27,110
Gelu6,27,419
Il palazzo,27,1097
Zoupan,27,1096
Suslindisambiguator,27,1598
Jerome66,27,4824
H4stings,27,2870
Lauramuseo,27,7922
KConWiki,27,143
Carl.bunderson,27,635
Sergio.ballestrero,27,813
Scardovi,27,390
Fabos,27,1758
Verosky,27,513
Il Tista,27,1878
T,C&S,27,541
Footprintsinthesand,27,409
Lothar dp,27,725
Bazonka,27,1155
Scottmsg,27,215
Matthead,27,720
Pfly,27,4037
Bryson109,27,66177
Iazyges,27,414
Melancholia i,27,259
Daddy Kindsoul,27,4298
Zerged,27,1598
Mywikid,27,1127
Soprani,27,156
GrapedApe,27,1610
Rembrandt9,27,299
EffeCi79,27,941
Jbeck8924,27,283
Bermicourt,27,983
Drunt,27,1691
Kuyi123w,27,2932
Coolazice,27,3585
Luca capecchi,27,1768
Chiarabenedetta,27,541
LouisAlain,26,146
Gwernol,26,407
Progettualita,26,1978
Dk1919 Franking,26,291
Macrakis,26,720
Enquire,26,3245
Secotyne,26,30332
WilliamDigiCol,26,579
EDT95,26,2044
Farragutful,26,2641
Samuele2002,26,7154
UWstudent,26,374
Maxcheung,26,478
Ambro92,26,724
Camira,26,7021
Traleni,26,328
MPJ710,26,199
Gabriele Diana,26,422
Patz,26,1791
Ossistyl,26,193
Eustace Bagge,26,78269
Biling,26,888
Ericd,26,1761
Fiaschi,26,3358
Bastenbas,26,506
Interoma,26,688
Rl,26,372
Hanna Mag,26,3602
Sctechlaw,26,301
Tarambano,26,13636
Kingston28,26,240
Giovannigobbin,26,45171
0x010C,26,3261
Soren56,26,135
Wikid77,26,9953
Boleyn,26,113
SummerWithMorons,26,624
Ippolitus nut,26,4236
Nanobliss,26,5511
Antoniex,26,26943
Siddharth nagar,26,722
Onel5969,26,892
Alessiobacch,26,2498
Demiurgo,26,417
Turistico,26,1508
BronHiggs,26,917
Woosha89,26,4146
Philip Stevens,26,764
Mirianomonnanni,26,724
JWULTRABLIZZARD,25,241
THEunique,25,583
Pilkarz,25,1519
SantaFiora85,25,975
Federicafrancesca,25,8781
Herstory,25,1619
Fugitron,25,261
M.marco.marco,25,936
Montrealais,25,6246
Drugonot,25,4572
Mdw0,25,183
Gabri 1980,25,846
Block,25,278
Ferrandodragoni,25,7552
Nicola Goller,25,116
Fgwiki,25,117
Treybien,25,216
Filippo59100,25,7453
EstherLois,25,114
Nonopoly,25,3820
A bit iffy,25,149
Ticket OTRS 2011102410007641,25,606
Sd,25,250
Giacomo50hp,25,324
Francinass,25,208
Marcd30319,25,892
Dale Arnett,25,319
Andreoccius,25,2831
Alaspada,25,2039
Fitamant,25,526
2A02A03F,25,6089
Irenez2017,25,4764
Stephenb,25,19007
Inne98,25,982
Never covered,25,1249
Omino di carta,25,2897
Archi Medi,25,1302
Peterlewis,25,503
Pmk58,25,112
Pie.er,25,2736
Francasto,25,136
Gordon ka,25,423
Lamro,25,1372
Ggonnell,25,507
Lepido,25,837
Thumperward,25,986
Cassmus,25,10220
Mad Nick,25,832
Giorces,25,1753
Nicola.Manini,25,507
Montreal,25,440
Lubiesque,25,701
Lokinon,25,726
MarkHunt,25,184
Consorzio Turistico Cinque Terre,25,166
Fedem,25,162
Mielino,25,7402
The Man in Question,25,2315
ByB,25,149
Contromano76,25,775
Adigama,25,381
Sipacini,25,2068
Conanil,25,3049
Olando,25,3446
Cortix93,25,304
Andplus,25,296
Chiusd,25,193
Julia100,25,524
Silvia bruni1,24,1191
Thorin III,24,650
Student7,24,565
Obsidian Soul,24,1725
Anisurb,24,123
Pietro747,24,2042
Sbisolo,24,1254
Jérémy-Günther-Heinz Jähnick,24,527
Ferdinand.bardamu,24,556
Vegaswikian,24,177
Bedelio,24,418
MasterX,24,259
Raymond,24,207
Gacio,24,14484
Kenyon~frwiki,24,1915
DivermanAU,24,217
Patrick.charpiat,24,1836
Chiswick Chap,24,219
Green-eyed girl,24,168
Nairoflying,24,4945
Mcferran,24,1388
Meladina,24,160
Cesco 82,24,433
Dragoelliott,24,137
William Dany,24,315
Wallie,24,631
Danyele,24,246
VVVF,24,647
Wikiklrsc,24,613
Roucoulou,24,294
Kingkasmar,24,521
Glenfarclas,24,1208
Fiore dod,24,194
Marpol,24,1529
Cantons-de-l'Est,24,827
Triante2009,24,557
Lefringant,24,943
Michele Brina,24,4638
FayssalF,24,3739
Veneziano,24,3888
Giacobazzi.daniele,24,106
Lottas,24,612
Lemke,24,3758
Good Sir 85,24,325
Lalupa,24,2939
Moondyne,24,804
Allions,24,1292
Mutlu mpal 5591,24,401
Oiziruam86,24,460
Thermos~enwiki,24,363
Rosenknospe,24,5201
Padawane,24,1047
Diligent,24,3893
LepoRello,24,255
Conte di Sarre,24,7412
Fastifex,24,7107
PANDA 81,24,2372
L'osservatore,23,223
Snerza,23,311
HeartofaDog,23,4863
Olivier,23,2930
Skarioffszky,23,583
Carbon Caryatid,23,105
Pitcairn,23,936
Bella28,23,518
Lforzini,23,201
Barone Birra 91,23,653
Emanuele Saiu,23,350
Filippof,23,1853
Pipep,23,116
MWright96,23,4228
Toccata quarta,23,858
B Multimediale,23,199
Yelkrokoyade,23,866
Gun Powder Ma,23,370
Pap3rinik,23,10694
Richard Arthur Norton (1958- ),23,1090
Ferdinando Scala,23,392
Leoman3000,23,235
Tartufo12312,23,340
Coccico2345,23,1465
Inkart51,23,2946
Anthony Marx,23,271
Budiulikke,23,335
Bheton,23,718
Kirtap,23,1837
EuropeanUniversityInstitute,23,3252
Liondartois,23,962
ThierryM34,23,107
Arpingstone,23,276
Pletpassio,23,2847
Thomon,23,514
Syrio,23,3152
Louisalouisalouisa,23,2840
Spippolo,23,853
Mark83,23,896
Nicolabel,23,254
Paolo da Reggio,23,202
Ginosal,23,201
Agnellino,23,442
Nicola cresti,23,630
Poetry62,23,1635
M.casanova,23,1223
Remy34,23,5621
Daniel Case,23,2227
Frimoussou,23,278
Ren Bow,23,5736
Tinette,23,1675
Studerby,23,29144
Maëli Harrouet,23,432
Sinigagl,23,249
Sethi 79,23,769
Carlassimo,23,152
.snoopy.,23,35864
Oimabe,23,1760
KaroOole,23,105
Raul654,23,640
OldakQuill,23,1121
Kanghuitari,23,484
Narnaud1974,23,25822
Urelianu,22,2344
Captain Assassin!,22,1092
Rikimaru,22,498
Tommasostefa95,22,3686
Gosto~itwiki,22,3584
Sg7438,22,3547
Fuoricorso abbummato,22,209
Another Believer,22,105
Karaboom,22,3484
Astigmatique,22,4358
Sunquanliangxiuhao,22,498
Aegylon megas,22,1292
20WashingtonPaul,22,669
Victor falk,22,559
Arthistorian1977,22,391
Yoggysot,22,633
Ecphora,22,261
WolvenFútbol,22,807
Davide.b7,22,4943
Calliopejen1,22,1220
Willthacheerleader18,22,138
Gabryatfendor,22,139
Ursus,22,820
Sir Sputnik,22,150
Inwind,22,232
Andrew Dalby,22,10208
Moneyofpropre,22,1050
Elisabetta Nucci,22,5540
Peter Damian (old),22,125
Johnatan Saso,22,3556
Stan Shebs,22,4567
Wkharrisjr,22,2037
Derek91,22,12697
Salvatore Talia,22,1730
Elisa.rolle,22,2504
Skysmith,22,8925
LittleWhites,22,1516
Toussaint~itwiki,22,2198
Abrams,22,2439
Basice,22,121
MarioGG,22,141
Pitroipa10,22,356
Corsicanangel,22,493
Alessandro Angius,22,356
Flyer22 Reborn,22,799
Ricky81682,22,224
Manuguf,22,321
Cudei90,22,386
AnonMoos,22,578
Lorenzo.conti,22,213
Felixth77,22,408
RussBlau,22,11147
Madeco,22,1356
Garik,22,37230
InflatableSupertrooper,22,210
DadaNeem,22,237
Octave.H,22,497
Odejea,22,282
Nbsawe,22,200
Silaip,22,2503
Galatain,22,2885
Sohringer,22,13671
Cnwilliams,22,123
Montaretto,22,882
Elonka,22,217
Ucanmakeitup,22,1880
Bouette,22,2847
Flambert,22,194
Mauro Tozzi,22,193
Wikiuser100,22,122
JJ Georges,22,2401
Alfreddo,21,204
Robi mkb,21,3812
Dywirnach,21,452
Ydb2,21,1176
Salvaldo,21,1128
Kelisi,21,153
ErNanna,21,240
Fufi90,21,2526
Medlacrapule,21,2701
Carobeppe,21,285
Dany1492,21,374
Klause,21,639
Alekjds,21,786
Daedalus&Ikaros,21,1238
Filnik,21,526
Squittinatore,21,113
Mild Bill Hiccup,21,495
Mjlodge,21,654
Nikozw,21,3474
Epolito03,21,902
Yomangan,21,2988
Gatien Couturier,21,556
Mbergeot,21,29317
Saurto,21,1277
Rosiestep,21,657
Kaho Mitsuki,21,374
SELEX Galileo,21,6391
Fatlox,21,276
Billinghurst,21,149
Mark J,21,275
Hepcatbilly,21,575
Giacomo Augusto,21,287
Virgixx,21,163
Cesiraphantoni,21,180
Dawnseeker2000,21,104
Elborgo,21,3427
Syssoun,21,2684
Lorenzov79,21,404
Alexpostfacto,21,1699
Menchino,21,16412
Maxperot,21,1024
Edoardo-Pisa,21,2637
Buondelmonte,21,5084
Montanabw,21,290
Tango Panaché,21,795
Papydenis,21,1041
Isocephaly,21,3329
SteveR2,21,491
Ziron,21,1898
Folto82,21,194
Giu Pepis,21,7998
Diego Cuoghi,21,1660
Massimoturchi,21,4128
Njamesdebien,21,574
IlCorrettoreItaliano3,21,149
Jeffmatt,21,3045
Kavs8,21,920
Chl,21,3603
Edeng15,21,4163
Feanor0,21,902
Paolo Cecconi,21,4465
Infierno,21,4792
Mattepiero,21,4549
Grabuge,21,870
Aad355,21,1690
Alesseus,21,563
Vincimanno Capograssi,21,359
Hullaballoo Wolfowitz,21,357
Carcharoth,21,481
Rayceraw21,21,917
DEBoredom,21,2822
Crys,21,532
DavidLaw,21,1131
Patrifor,21,1060
Frank87,21,268
Tom harrison,21,5211
Tony456002,21,134
Majorly,21,36823
Anger22,21,11238
The Boss Bomber,21,716
Old Moonraker,21,291
Jagstar12,21,737
Bahbouhe,21,564
H-Hurry,21,1981
Girolamo52,21,449
Phantomas,21,4774
Bertigi,21,1007
Rein ergo,21,216
Skinsmoke,21,129
Pinots,20,2814
Priper,20,255
Zackmann08,20,421
Pietro Di Fontana,20,537
Maxmasc,20,211
Etemenanki,20,1788
PrincipeRoby,20,2672
Rael,20,655
Wotansuomi,20,5490
Citizenabc,20,304
Ascia,20,880
Nickel Chromo~enwiki,20,5484
Pmbma,20,471
Marco Ciaramella,20,299
Eugene van der Pijll,20,3115
Mike Coppolano,20,1027
Mike hayes,20,229
Tamfang,20,288
Saguameau,20,166
Cp10129,20,243
Dingy,20,311
Icairns,20,185
Les woodland,20,1360
Stidpmi,20,881
Atrus75,20,10460
Wikig,20,1632
Kieran4,20,299
Joey80,20,441
Imperial78,20,373
Xray1983,20,644
Rrwagner59,20,6149
Massiseren,20,197
Beechs,20,199
Alepierotti,20,900
Ipankonin,20,153
ÄDA - DÄP,20,1600
Pierpietro,20,503
Michael Bednarek,20,761
Top Cat 14,20,1240
Monna Ry,20,4561
Federico Leva (BEIC),20,272
Ale642,20,311
Tenebrae,20,325
Gentgeen,20,124
Matty Leone,20,1846
Mgelormino,20,211
Hemlock Martinis,20,2102
Fdewaele,20,203
Marce 89,20,359
Robyvecchio,20,10214
Remopietro,20,403
ArnoldPettybone,20,1153
Annutack,20,573
Massi spezia,20,225
Ecrouit44,20,1018
Diannaa,20,14224
Giovannix94,20,336
Amanconi,20,727
DLand,20,2254
Doctor Dodge,20,1676
Danicalove79,20,194
Marta Zari,20,1532
Warshy,20,1503
ALoopingIcon,20,246
Llywrch,20,1095
Chiarensal,20,3300
Pegasovagante,20,629
NewLibertine,20,124
Sparafucil,20,2789
Campone1,20,223
Jnestorius,20,739
EleonoraPellegri,20,27739
Luca Potestio,20,528
Paolotyh,20,173
Daufer,20,1919
Notafly,20,992
Edisonblus,20,659
PaoloM1927,20,1145
Jebulon,20,190
Malleus Haereticorum,20,343
Livy103,20,946
Center-for-Medieval-Studies,19,435
MWatson15,19,947
Augben,19,473
Montchenu,19,350
Dansanta,19,654
Spedona,19,1154
ElSaxo,19,781
CarloB,19,356
Wento,19,558
Blakwolf,19,779
Philologick,19,2483
Matthewrobertolson,19,944
FordPrefect42,19,111
Eligere,19,527
David Gerard,19,238
ChrisBlankC,19,140
Ch Th Jo,19,2894
Lmagnolfi,19,26031
MichaelTinkler,19,883
Nihil novi,19,133
Nicoleon,19,891
The Anome,19,178
Sax123,19,926
Mons-tis,19,392
Sirabder87,19,469
Maurilbert,19,38889
Gerard1505,19,329
Marica Massaro,19,224
Casebelmonte~itwiki,19,611
4ndr34,19,2227
Lgl72,19,1038
Giuseppe C12.,19,748
MagicatthemovieS,19,133
Nicola (CeDoMus),19,12213
Mica,19,595
Charvex,19,920
Jerome Charles Potts,19,601
Iacoyeah,19,574
Alkarex,19,2076
Borgolibero,19,838
LeoMeo99,19,247
Yurs88,19,285
Marge,19,104
Superniky86,19,23555
Musdan77,19,1178
Brunori.paolo,19,754
Perifrasi,19,1333
Trapanator,19,807
29AH,19,873
SenseiAC,19,304
Francescog.lazzarini,19,206
Emanuel Carfora,19,4916
Ripeus,19,1622
Manvo89,19,226
Phyrexian,19,110
Dylan--86,19,577
Gox91,19,6915
Racerx11,19,607
Jared887,19,1278
Cheetaih,19,259
WereSpielChequers,19,167
Rodrigodacuna,19,934
Augustomich,19,608
Aieieprazu,19,167
Racconish,19,439
Sara Moscardini,19,8580
Me2,19,2286
Antoine Blondin,19,3530
DW,19,8114
Jacksf,19,281
Deboran,19,2637
Postcard Cathy,19,380
Mais oui!,19,107
Rosticci,19,1084
Giulio Bigozzi,19,4744
Philip,19,4338
Bmclaughlin9,19,226
Varlaam,19,156
Hmass3,19,677
Giuseppe luci,19,182
Nataraja,19,3252
Italstudio,19,569
Icio92,19,852
JamesAM,18,824
Kevincli,18,400
Mikio75,18,274
Toad88,18,1184
Andros1969,18,633
Claudio P.,18,713
Betacommand,18,2238
Neptune's Trident,18,264
Aledownload,18,2947
Emanuellllllla,18,604
Gisegre,18,173
Aqua,18,190
Cloudz679,18,375
Furì,18,2084
Vincenzo Palleschi,18,2710
Yukihyo,18,522
WikiHannibal,18,257
FrancoisPopieul,18,2886
M.Riccardo,18,393
Karanacs,18,6787
Calamins,18,403
Camelia.boban,18,223
AnnibaleC,18,292
Tiennegolf,18,673
Tiesse,18,3516
Detective5,18,2181
Davidships,18,1097
Aleksander Sestak,18,970
Canadian Paul,18,171
Jodon1971,18,325
IlPisano,18,1203
Elius94,18,9451
Panairjdde~enwiki,18,376
Chatsam,18,400
Sotakeit,18,734
Genio123,18,647
Spinoziano,18,1060
Zidanie5,18,368
JMvanDijk,18,822
Conte,18,2576
Angie Y.,18,914
Gianluca.fagioli,18,2979
Igor Zeiger,18,3458
Hellosunshine,18,1135
N.cresti,18,255
Howard "Dib" Montjio,18,226
Panarenco,18,446
Panzagiovanni,18,176
Elias.nadim,18,2348
Berean Hunter,18,3622
Mathiasrex,18,253
Auric,18,849
TheTornadoBreaker,18,13878
Contiale,18,1279
Edouard-rainaut,18,2845
For the love of truth,18,624
Gogo Dodo,18,28863
Guarracino,18,330
Senet,18,900
Charlie Foxtrot66,18,458
Stomme,18,8804
Cappo80,18,1407
Bisoldier,18,2234
Thehundi,18,1258
Romanus451,18,1271
RiccardoP1983,18,465
Baseaccount,18,113
Gronico,18,609
Opus33,18,1087
LeZibou,18,1249
Bosay,18,3546
4meter4,18,1263
Fb2ts,18,1031
Parametric66,18,832
MatteoSole,18,994
Guise,18,782
Zaby,18,888
Donato9473,18,1613
Marco 27,18,696
Sergay,18,273
Piotrus,18,379
Kq-hit,18,215
Dr. Lurk,18,2183
Zitumassin,18,6419
Unodeinostri,18,1198
Laura Guasti,18,492
Bserin,18,505
Solidale,18,782
Lorenzo Head,18,608
Ciosl,18,119
Sam Sailor,18,33613
Melos,18,1252
Jmarevalo,18,115
Jaakobou,18,222
Georgejdorner,18,1373
MilSin,18,762
Phso2,18,1735
Lilliputien,17,578
Revares,17,510
Yoofes,17,1128
Francesco BdN,17,412
John Carter,17,391
Clancianum,17,2892
Somethingwickedly,17,949
Desene,17,3181
Dleisawitz,17,1036
Icarusgeek,17,108
Figiu,17,696
Emmepici,17,5386
Vince56860,17,691
Smallprint84,17,149
IPC,17,820
Pelarmian,17,3217
ChiamatemiSarcastica,17,666
Mr Pouet Pouet,17,3511
Lorenza Ravaglia,17,1182
Filippo48,17,550
Cusio,17,4934
Malisti,17,412
AWCDigiCol,17,486
Alain valtat,17,1582
Disc Wheel,17,406
FoCuSandLeArN,17,1103
Triple 8,17,345
Mlulurgas,17,6056
Lotharius,17,2772
Fractious Jell,17,351
F multimediale,17,196
Stemonitis,17,809
Woww,17,418
Fontanaluccia,17,441
Aocim,17,1622
Flooding,17,2682
RigacciOrg,17,2609
Claudio T,17,209
Carabinieri,17,141
Ediacara,17,381
Deep silence,17,161
Aledangelo,17,453
Aussiesta,17,716
Delio,17,319
Shoeofdeath,17,2725
Louis Kehlweiler,17,2639
AlbertSM,17,521
F l a n k e r,17,334
Muriel Gottrop~enwiki,17,5516
Wikilese,17,1253
Ed Poor,17,1708
DITWIN GRIM,17,452
UltimaRatio,17,4337
Pietromusica,17,761
SurdusVII,17,162
Egil,17,300
Paris1127,17,861
Drpaulossi,17,2642
PatGallacher,17,11573
Albatross83,17,753
Almax,17,750
JeBonSer,17,874
Rdsmith4,17,617
Passator,17,4524
EmaR,17,728
Asram,17,653
Jackwiki~itwiki,17,654
Rino Barbieri,17,136
Père Igor,17,207
Pebbles,17,254
Schnurrbart,17,110
Flaignes,17,723
Alewiki93,17,1610
Mississippienne,17,1555
Gene Nygaard,17,315
Franciesse,17,2498
Altenmann,17,232
Vmoscarda,17,110
Hektor,17,189
Ninidai,17,2550
Mastrob88,17,182
Lo berti,17,475
Viaggiatore1972,17,1366
Xavi visca,17,379
Gothmarilyne,17,102
Rosek316,17,529
Bard93,17,25923
Amiens984,17,699
Frullatore Tostapane,17,45207
Ikmo-ned,17,121
Babooskaya,17,1620
Perezsuisse,17,170
SchuminWeb,17,315
Ariodante,17,2526
Bapti,17,9192
Fredojoda,17,684
Jeromeenriquez,17,2173
Madaki,17,132
JustPhil,17,1112
Rossibianchi,17,464
Dwdp,17,492
Schianktokeschia,17,4367
Ziogomma,17,239
Piercarlo ciulli,17,550
Jpbowen,17,429
Marcoca89,17,1099
Encelade,16,3577
Ilyesp,16,379
Charlesvvvv,16,1371
Kauffner,16,281
Sofocle77,16,447
SyD,16,130
Ven1031,16,8272
Zannah,16,411
Ivanfurlanis,16,2190
Nasissimo,16,2728
Ale Mister,16,496
Marco M,16,946
Loran,16,1785
AntonyB,16,177
Daphoenyx,16,107
Un chien andalou,16,386
Niccolomortani,16,7980
MatthewVanitas,16,726
G.-M. Cupertino,16,192
Johnsoniensis,16,185
Castel,16,221
Annapax,16,1805
Hautbois,16,1836
Cyril-83,16,311
The Quill,16,112
Alfio66,16,8404
PurpleSpiderSpider,16,2364
Ilciospo,16,1049
Brendandh,16,374
In ictu oculi,16,692
Grillino,16,2066
Nicolaborrelli,16,355
Pomatzu,16,1954
TimTay,16,514
Barganews,16,1632
Eleassar,16,323
Dimimis,16,350
Olmec,16,4017
Avala,16,140
Lidgar,16,1647
Atletico91,16,474
Bumba,16,1738
Bertacchi,16,1447
ZeroSnu,16,786
Rippitippi,16,712
Someone else,16,781
Lulubret70,16,190
Federico Turchi,16,937
Stumps,16,5798
Deathlibrarian,16,389
Riccicla,16,5041
Fafabifiofo,16,2169
Rofalco2015,16,2401
Joaquin008,16,5081
Gerry IS,16,1224
O--o,16,299
Hans Dunkelberg,16,431
HangingCurve,16,591
MarcoFirenze,16,125
Paskwiki,16,1131
Lucianux021279,16,5837
Panieri,16,174
Lihaas,16,364
Brangianit,16,2591
Knowing1900,16,946
AleR,16,558
Paternel 1,16,720
Bryson483,16,1198
Pigellino74,16,241
Reddi,16,253
Diego Petrucci,16,1471
Timc,16,119
Raymon-fr,16,1944
Bengio76,16,215
Tibfajmones,16,2135
Alessandro Roverano,16,4073
Floflo62,16,208
F123,16,8264
Augusta 89,16,3046
James26,16,1099
Me2~itwiki,16,192
FFMG,16,111
Tizio X,16,398
Clavdivs,16,971
Srich32977,16,569
RandomGue,16,114
CamiCecca,16,1463
Emperor001,16,745
Chienlit,16,586
Pusk,16,541
Sir Gawain,16,102
Vanished user 210iu3nr,16,1784
CRJO-CRJO,16,2685
Moonraker,16,231
Sethmahoney,16,62416
Elenasan,16,3086
Siafu,16,409
Tittina18,16,133
Alpina~itwiki,16,1886
ClemRutter,16,10023
Lea Streal,16,137
A.Checchi infouma,16,64089
Malaspini,16,2464
SatyrTN,16,677
09oes,16,3886
Santiditito,16,306
Alessio.cottoni,16,929
Flami72,16,953
Sem-rots,16,529
Cloj,16,881
Micap,16,994
Nlsanand,16,297
Franzk,16,209
Memyselfandi87,16,275
Remotelysensed,16,130
Sophruhig Vita@comcast.net,16,204
Gimmy,16,2033
Brookie,16,739
Adrien33000,16,383
Erasmus,16,159
Tbhotch,16,9242
Kingjeff,16,2950
Fabri18,15,1532
Lineadombra,15,10354
NewEnglandYankee,15,10573
Dcoetzee,15,164
Gian-2,15,287
Arnaud.Serander,15,1781
Juanpdp,15,2308
Pierandreapennoni,15,3952
Martegrassina,15,3346
Angelgreat,15,295
Denis2nice,15,1138
Trikke,15,4049
Florentinewolf,15,1383
Fflavio74,15,116
Cristiano D'Angelo,15,1108
Nicolas ANCEAU,15,350
Dryazan,15,2070
Kucharczyk900,15,1123
Davide41,15,164
Francid,15,401
Petri Krohn,15,152
Cispet,15,694
Dd,15,455
Swinfo,15,118
Quadell,15,509
Buttero1,15,743
GiackFi,15,685
LivinRealGüd,15,2806
Apeman,15,1123
Edoardo Tavilla,15,537
Massimo Catarinella,15,146
Le sourcier de la colline,15,141
Alcmaeonid,15,454
E.M.Gregory,15,189
MrNiceGuy1113,15,940
Cosmo the third,15,1458
Baggiolo,15,2110
AlexJ,15,831
BTH,15,2320
Dariuz borghigiano,15,235
Guido Fineschi Sergardi,15,162
Ladya.crusca,15,881
Luky 91,15,307
Gangalando,15,5076
DAF,15,2987
ElfQrin,15,474
VitalianoSincero,15,717
Cbyd,15,344
Alex-F,15,11768
Sandra.Cavallucci,15,568
Stee888,15,1501
Duane E. Tressler,15,1099
Abagaia,15,336
Lily brik,15,2496
Capt Jim,15,393
Mau59,15,587
Damian Yerrick,15,5990
72bikers,15,872
SETIEM,15,521
TRAJAN 117,15,2604
Froid,15,481
Lukius,15,106
Luca Borghi,15,113
Gazzosa,15,1290
Broletto,15,383
Giorgiomonteforti~enwiki,15,2607
Itemirus,15,442
Flyvbjerg,15,334
Morco~itwiki,15,2034
Geo28000,15,895
Alessandro Crisafulli,15,2179
Filippo Brunelleschi,15,247
Inisheer,15,107
Bibliorock,15,651
Nerone Cirase,15,743
Filippoburoni,15,2761
Loren Rosen,15,4022
ClémentGodbarge,15,3162
Neq00,15,559
Grevs152,15,18694
MotorsportPete93,15,8693
Walter Giordano,15,1318
Travelbird,15,921
Viola q8,15,526
Japs 88,15,270
AirWolf,15,339
Kataka,15,180
Sunnystaab,15,772
Amoammo,15,184
Rgimilio,15,826
Djdani,15,308
8686b,15,960
Equoreo,15,52697
Combusken~itwiki,15,240
Acad Ronin,15,1469
Francis Vergne,15,1130
Fabiopiselli,15,856
LilLorrainer,15,383
^musaz,15,151
Gspinoza,15,336
Dark hyena,15,143
Guatar,15,2194
NawlinWiki,15,18667
Aaron carass,15,371
Parair,15,1091
Garion96,15,6031
Feedee993,15,442
Roberto Cellai,15,2209
Mastabah,15,999
KuatofKDY,15,144
Lord Emsworth,15,198
Rl89,15,10706
Kikkotm,15,2937
Chiave 13,15,228
Tuscanycalling,15,522
Grimlock,15,150
Belcanti,15,968
Federica Viazzi (BEIC),15,384
Dek,15,1397
El Quebrado~itwiki,15,265
Webmasto,15,513
Xavoux,14,1340
Muchness,14,473
Drterno,14,6834
Gaudio,14,2347
Dysepsion,14,11526
Lupo,14,179
Kormoran,14,1009
Comatmebro,14,103
CaroleHenson,14,766
Jossi,14,407
Siciliathisma,14,4290
Red Rudy,14,316
Wanjan,14,489
GMariano90,14,1106
Can't sleep, clown will eat me,14,8251
Wnicholas70,14,304
Zugmoy,14,7653
Rama,14,191
Urwen,14,10746
Biranio,14,346
Carolus,14,158
Blocci,14,149
RR6,14,184
Blaskino,14,103
Tivegna83,14,737
GrandCelinien,14,2934
Ceccarelli.g,14,279
Meatsgains,14,1365
Chris55,14,1386
Ebyabe,14,133
Alfmaster,14,796
Martin',14,1289
Geofix,14,428
Editfromwithout,14,174
Herdakat,14,277
Mr.Brogi,14,161
9Aaron3,14,2511
Continentaleurope,14,2055
NicoScribe,14,1381
Cosal,14,1098
REdiminuito,14,928
Pietro Chiocca,14,324
Piccolo Modificatore Laborioso,14,2510
MarcusBritish,14,183
Franck.schneider,14,1208
DARIO SEVERI,14,14527
RossWP,14,490
StefenettiE,14,2464
SimonP,14,1151
Leo.ulivieri,14,269
Leonardoprosperi,14,4891
Gilliam,14,490
Lima,14,217
Mccapra,14,614
Moyg,14,10851
Visconte,14,296
Silassouille,14,932
Marco Chemello (ICAR),14,307
Mandragora,14,2311
Thidras,14,157
Bernardhendriks,14,1062
François de Commines,14,120
Dolander,14,188
Yone Fernandes,14,373
Treehill,14,3731
Mats 90,14,148
Cabayi,14,111
Hwilliams52,14,4110
Olessi,14,676
Kask,14,108
Kanchelskis-it,14,1662
Centrifuga,14,3542
Emme17,14,474
Jsmith1000,14,2436
Goldfritha,14,282
Svello89,14,623
Noclador,14,575
Il.Bofonchio,14,281
Kiply,14,2095
Morningstar1814,14,1014
Mackley,14,3554
Jabecker423,14,8567
Jplm,14,310
Tangerines,14,2958
SolePensoso,14,537
Francesco Pit,14,3307
Gio.amadei,14,411
Theirrulez,14,987
Gattodelballoccio,14,162
Giacomomagnani123,14,944
Amazingart67,14,1273
Museoideale,14,8206
Shyguy1991,14,174
Sophia,14,19683
Helios26,14,3294
Qwfp,14,128
Kirill Lokshin,14,153
Lambiam,14,508
Paqpaq94,14,4505
Pol098,14,325
Panam2014,14,320
Contentadd,14,1077
Antonio Giudilli,14,2023
Reese72,14,586
Moist towelett,14,1989
Eleonora Erta,14,234
Toto Azéro,14,8396
Scorpion0422,14,109
KS,14,751
SilkTork,14,287
Mike Peel,14,447
Tpiccioli,14,749
Daytrivia,14,1100
Franamax,14,205
Michele Alibrandi,14,203
Rmgardn,14,2562
Ontoraul,14,258
Jp Lippini,14,1271
-kayac-,14,856
Bdaroff,14,163
Gelsey,14,812
Lucaslima1990,14,169
Kante4,14,150
AtticTapestry,14,1214
PabloOsvaldo17,14,129
Jeantapir,14,164
Andrea.Fusani,14,1390
Frang2823,14,487
Bernardotolomei,14,808
B-noa,14,392
Laordinni,14,1102
DarTar,14,207
Zorro55,14,983
Voldemort175,14,2176
Clearco II,14,2014
Gp 1980,14,644
Sebleouf,14,774
Archeologo (Museo Galileo),14,311
Larry.europe,14,293
Didaco,14,332
Kenko Inos,14,4772
R1188,14,2813
Lechat,14,615
Smèagol,14,472
Guaza,14,232
Contemptiblepunx,14,2952
ClarkSui,14,400
SmallPotatoes,14,1889
Lbandinelli,14,306
Dixy,14,171
Pecu,14,341
Silbertanne3~enwiki,14,188
Laure-Marie,14,2777
Bettacam,14,135
Gallé Pol,14,5336
Maranello10,14,356
H005,14,112
Paul Gascoigne,14,1516
Remihh,14,2853
Kelam,14,1058
PoEm13,14,175
BlueMoonlet,14,725
Louisbeta,14,360
LouisAragon,14,521
Siddharta Sanarelli,14,1841
Cunibertus,14,251
Akn mts,14,3313
Sammyday,14,177
Davide21,13,287
Pelotas,13,176
Arturo63,13,2430
Bdocili,13,4245
Mark83~itwiki,13,3839
Dsp13,13,263
Orzetto,13,354
SwisterTwister,13,141
FedBad4,13,5244
Nazasca,13,567
Folks at 137,13,2373
CavalloRazzo,13,56509
Balougador,13,3641
Mirokado,13,1132
FilBenLeafBoy,13,219
BrightRaven,13,297
Rome2,13,574
Amiatino,13,824
Gdgourou,13,857
Brunocip,13,104
Petrik Schleck,13,3993
Roya4020,13,319
Nivola,13,844
Mpiz,13,175
Shíl,13,8522
Gaetanogambilonghi,13,784
Rswarbrick,13,514
Gianlucapellegrini,13,1161
Scondilo,13,101
Isis~enwiki,13,394
Kjell Knudde,13,235
Kmorozov,13,5536
Mazeface,13,2279
The-,13,1032
Senpaiottolo,13,2136
Eleo eleo,13,9996
Mr Richy,13,6501
Val di Luce,13,411
Ckrhong,13,678
Nicolelau,13,965
Berry1987,13,773
Dcirovic,13,2301
Rosarospa,13,6073
Bluemoose,13,9955
Floraleda,13,998
Austro,13,10484
Andreadalbon,13,11877
Rmmiller364,13,762
Luca Vestri,13,157
Mgp17,13,427
Mr Stephen,13,706
Barococo,13,1120
Madbraces,13,992
RossF18,13,779
Guffydrawers,13,165
Error,13,820
Chris Ssk,13,229
Alex73,13,316
Libellede,13,921
Palimmo,13,379
Diegmod98,13,6823
Panapp,13,267
Grifomaniacs,13,4135
Wclaire13,13,115
Stella1972,13,433
DoppioM,13,4820
Luca M,13,487
Majella1851,13,908
Aletago,13,739
Muschio Di Quercia,13,974
Neelix,13,206
Icarus Vitae Inari,13,2469
Andrea196,13,221
Gaetanolamparelli1957,13,1711
Maharbbal,13,3797
Hornet216,13,3247
RArchiv,13,832
Slowpokeiv,13,949
CLAUDIO CERRETELLI,13,2670
Maximus0970,13,383
Arkytech,13,2038
Ekrenor,13,343
Alessiovarisco,13,201
Jengod,13,3313
Sandrino Grazzini,13,153
Syyrah,13,263
Pyrope,13,682
Rohrohh,13,3781
RollingYoga,13,1158
AndreaZaimbri03,13,375
Unixbytes90,13,143
Luciodem,13,226
Troy 07,13,720
ZH8000,13,252
Ambra Bonini,13,3849
Barga fan,13,188
Pisaairport,13,249
Che829,13,136
Julius.kusuma,13,2191
Roltz,13,245
Antonello Piccone,13,378
Richardfabi~enwiki,13,212
SamBlob,13,3056
WBardwin,13,1006
FRANCO TORRINI,13,118
Toni Pecoraro,13,357
Artbunker,13,1925
Mirv,13,244
Peaceingalaxy,13,665
James3130,13,118
F.orsano,13,157
Archigabry,13,1443
Joana,13,306
Italian boy,13,735
Celastro,13,1191
Mamaluc,13,743
Paperino45,13,603
Gallo71,13,121
Alexander356,13,155
MENUISERIE91,13,575
Paul,13,1289
Trebiano,13,293
Poleta33,13,404
Frze,13,11196
Stella Briganti,13,563
Actonburner,13,451
Jud,13,2318
OwenBlacker,13,3163
Murcie13,13,2204
SEWilco,13,609
Cellenaweb,13,2810
Thern,13,119
Massimo Baldocchi,13,902
Tagishsimon,13,138
De728631,13,1985
Ruskinmonkey,13,1665
Clemspas12,13,1912
Jmorrison230582,13,354
Marco Chemello (WMIT),13,165
Pohick2,13,675
Berto,13,1001
Sistoiv,13,592
GLf,13,464
Prezboy1,13,1639
Carlo.Ierna,13,1216
Lorenza Fedeli,13,5620
Simione001,13,118
Leonardo Giovanni Terreni,13,774
Emav71,13,115
Hailey C. Shannon,13,1187
Baccio,13,414
Yngvadottir,13,771
Francesco Maiorano,13,916
Simone casati,13,1194
Bodnotbod,12,1524
Pitoutom,12,385
Nmasti,12,415
Bauhausismyhouse,12,1130
Gigillo83,12,144
Nausicaa24,12,137
Mattsnow81,12,1426
Ytfc23,12,392
Marco201,12,107
Mauro742,12,14829
Slasher-fun,12,115
JamesBWatson,12,266
Castelpoggio,12,530
Alexgreene87,12,109
Im1a2,12,358
Rikimaru~enwiki,12,765
Santoro Salvatore,12,209
Margherita,12,943
Zandegù,12,24752
Violetriga,12,1832
SamEV,12,297
Gig,12,183
Mi Ga,12,181
Kuru,12,13366
Pictureuploader,12,261
E.ugolini,12,125
Marinaccad,12,183
Terre del Rinascimento,12,3990
GeneralizationsAreBad,12,253
Antonbabich,12,392
Kravenor,12,106
Technocrate,12,1427
Kweedado2,12,163
Argenta(fstfirenze),12,2230
Rico27,12,5037
Hitcher vs. Candyman,12,549
Guiggz,12,139
Luceres,12,132
NathanielTheBold,12,349
Malost,12,10155
Luca Santini 54,12,2464
Bobrayner,12,772
Naoki otaro,12,196
A2Kafir,12,163
Aristarché,12,170
Flavio Filoni,12,120
JeanPaul,12,210
StephenMacmanus,12,527
Damienyork,12,131
Marking72,12,118
Peterkingiron,12,1329
El Comandante,12,256
Engleham,12,2646
Junijune2010,12,127
Euparkeria,12,723
Walter Maiuri,12,614
Scriberius,12,313
Isacre,12,516
Smerus,12,369
Kenko98,12,571
Mike Rosoft,12,551
Marleau,12,496
Aloneinthewild,12,188
Eylenbosch,12,1317
Più luce,12,864
Antoniocapp,12,1023
Ktr101,12,186
Joannes82,12,766
Voldemort87,12,481
Orion21,12,142
IMT Alti Studi,12,2910
Sismarinho,12,1095
Easyboy82,12,531
Barek,12,148
Applejuice~itwiki,12,1212
Lex,12,981
MisterBee1966,12,152
LevkaRomanov,12,1070
David.Monniaux,12,388
Staticshakedown,12,263
Sjc,12,539
Stillheres,12,579
UkPaolo,12,517
Stundra,12,11885
Tavernsenses,12,141
Dellanina,12,957
Paul63243,12,303
Daxipedia,12,1076
Linan,12,336
Volubilis90,12,4589
Boccaccini,12,862
Lucam91,12,264
Nordavind,12,117
Lorenzopianigirini,12,28406
Lokister11,12,377
Bacciov,12,1256
Snow Blizzard,12,5809
Arniep,12,396
Joebigwheel,12,910
Munifico,12,1706
Thexab,12,369
Baleer,12,147
Fanacsp,12,611
DavidRF,12,1178
Spoxjox,12,430
Ansei,12,1389
GiantSnowman,12,173
Tomas e,12,1243
Ridrago,12,872
Ps701,12,868
Eucasan,12,540
Julien1978,12,40691
Stalwart111,12,1452
Josette,12,1333
Leutha,12,441
M.J.C.,12,7305
Skr15081997,12,838
Cmdrbond,12,766
Valentinian,12,157
Patrizia Di Giuseppe,12,308
Miller17CU94,12,355
Mandella85,12,274
Future Perfect at Sunrise,12,314
Alvin Seville,12,124
Stoerfall,12,447
Wmpearl,12,657
Bigial,12,1458
Eldhorajan92,12,154
GranPrincipe,12,197
ArglebargleIV,12,5756
LAVme,12,738
PFHLai,12,793
10 Fra,12,1569
As,12,1879
InterCity,12,450
Urg writer,12,3361
Bizio,12,118
FF244,12,1265
Bartleby08,12,664
BenjoBusto,12,1127
Tetraktys-English,12,128
Gil-Estel2010,12,222
Pietaster,12,2965
Albertoste,12,2682
Fabrictramp,12,104
Rrostrom,12,351
Breadfan,12,194
I-vela,12,103
Sandstein,12,984
Enrico Grassini,12,1827
Bwpach,12,644
Lapomorg,12,190
Ale santos,12,223
Ando228,12,1024
NicoV,12,7534
Ahimsart,12,574
Humanae litterae,12,4260
Infarinato,12,1172
Pichpich,12,137
Disdero,12,378
Drex15,12,3094
BVILover,12,29733
Leaf21,12,1323
Fiertel91,12,653
Teodolindamalia,12,234
WikiGian,12,108
Sbharris,12,648
Bamyers99,12,1026
Gentedimare,12,104
Pvillani,12,123
Zolli,12,188
Remus10,12,2839
Donarreiskoffer,11,600
Truth76,11,196
Bald,11,6277
SignorX,11,101
Александър,11,156
MtxItalia,11,1027
Italianstud-lina2,11,829
BOSS.mattia,11,1330
Curps,11,847
Sillyfolkboy,11,838
Abhilash93,11,766
Marco.brama,11,232
Tarnisil,11,836
L.R.62,11,482
Malemar,11,880
Sabina cavicchi,11,1774
Quentin X,11,139
Conky77,11,879
MatteoFlash,11,268
AndreaFox,11,2620
Aldop78,11,940
Devereux1978,11,441
Skier Dude,11,614
Fatt-1,11,2828
Davy-62,11,112
Pnc net,11,399
Cuchullain,11,293
Mahagaja,11,146
M'encarta,11,730
Radd94,11,146
Stammer,11,480
Simon,11,1131
Sardur,11,322
Rossir71,11,2727
Jan Arkesteijn,11,173
RobertPirech,11,1485
Laurac,11,177
Lasacrasillaba,11,212
Mgiach,11,1218
VG31,11,481
Abaldoni,11,197
Sergio N. Carlini,11,102
Buzzards-Watch Me Work,11,2956
Kormin,11,132
Lopo,11,2414
83d40m,11,429
Mehdi19,11,475
Metroitendo,11,3277
Shawn,11,38249
Vcena,11,155
Frosty,11,8883
Wilhelm albert kos,11,3052
Nnaluci,11,794
Bbb2007,11,465
Henry Salomé,11,4338
Raiko,11,345
Italiamoderna,11,341
Ryanmcdaniel,11,343
Borgil,11,602
Roidhrigh,11,325
Mr. D. E. Mophon,11,1247
Townlake,11,291
Andre Engels,11,2041
Rex Momo,11,366
Il genovese,11,647
RockMagnetist,11,358
Zelda Simpson,11,165
Scepo13,11,121
Manu1094,11,333
Guerrisi'79,11,200
Danger37,11,623
ArmstrongJulian,11,11298
Gr1st,11,757
Blacwainwright,11,412
Vmenkov,11,218
Guillaume70,11,203
Nrswanson,11,307
Nashjean,11,182
Toscane Maurois2015,11,8214
Clean Copy,11,121
FredD,11,386
François Calvaresi,11,125
David Sneek,11,551
MacMaurizioTuscany,11,228
Goaliekid989,11,285
Rubenescio,11,1088
Grillo1987,11,10243
Garfield Garfield,11,432
Ahbon?,11,400
Velella,11,4507
Dg,11,919
Rikster2,11,1308
Perky,11,1596
Informant16,11,697
ALESSANDRO BARTOLINI,11,1365
H-c-b,11,15437
Chorus Guy,11,380
Chio76,11,3523
Jack Merridew,11,211
Dcflyer,11,4631
Matthew Fennell,11,297
Tomaxer,11,567
Bragamoro,11,1554
Utente provinciale,11,476
MGRILLO,11,297
C.Fred,11,383
Gianjunior,11,293
Tioperci,11,6257
Valerio Guetta,11,275
JasonAQuest,11,413
MarsPF2,11,4110
Charles Edward,11,283
Simotdi,11,293
Opaline2000,11,121
Mr.Peter,11,217
MarioGalaxy,11,622
Neoconned,11,195
Tatle,11,3529
MaxGiuliani,11,186
Lofty,11,209
Gvnn,11,536
Eastfarthingan,11,355
Boban475,11,112
Christianbrogi,11,294
Fededfstad,11,253
Arcangelo23,11,632
GiulioMARANGONI,11,376
Ottavio Livorno,11,4029
Ashphalt,11,451
Mike Christie,11,827
Parismagic,11,122
Sanao,11,326
Marmotte1965,11,1061
Ramperto,11,218
Seaside rendezvous,11,111
Alexandru.demian,11,127
Simonebologna,11,1737
Adnan n2,11,364
Coyau,11,1058
Abxbay,11,1824
Foudebassans,11,532
Rossellino,11,1100
Psicom,11,1723
SteveHopson,11,483
Caelisoft,11,121
Raoul75,11,200
Aconcagua,11,138
Gwymm,11,2794
Flappleton,11,1322
Biruitorul,11,102
Charly.Lucas,11,851
MarziaRossi,11,3295
Wikinade,11,955
Tocino,11,798
Husky,11,428
Oldironnut,11,740
Radarm,11,226
Hunsu,11,138
Danny,11,472
Pippo lazze,11,329
Erny51,11,289
Gciriani,11,1919
Fabioantonello,11,262
Wismeryl,11,1049
Gciacci,11,971
Mgue59,11,957
Sfan00 IMG,11,848
Kafka Liz,11,19886
Serena niccolucci,11,838
Kebeta,11,1120
Elfay75,11,862
ElGatoLopezz,11,103
BeanoMaster,11,147
Malenchini,11,164
Carlotta.S.89headgive,11,17778
Fedcas,11,386
Mikeo1938,11,741
Jfruh,11,11813
Sfrantulli,11,203
Bridgetfox,11,425
Meghana34,11,1308
Rizalninoynapoleon,11,126
Daĉjo,11,2476
Skull33,11,187
Hfeatherina,11,1440
Dipralb,11,275
Rustik,11,887
Eddie-W,11,4609
Thomas Paine1776,11,181
Corvus tristis,11,232
Montinar,11,653
ANDREA RICE,11,235
Icio747,11,1208
Sm1,11,1983
Tomino96,11,1093
Italians555,11,256
Johannes003,11,3977
